	-	-	ReCiPe Endpoint (E,A) (obsolete)	ReCiPe Endpoint (E,A) (obsolete)	ReCiPe Endpoint (E,A) (obsolete)	ReCiPe Endpoint (H,A) (obsolete)	ReCiPe Endpoint (H,A) (obsolete)	ReCiPe Endpoint (H,A) (obsolete)	ReCiPe Endpoint (I,A) (obsolete)	ReCiPe Endpoint (I,A) (obsolete)	ReCiPe Endpoint (I,A) (obsolete)	TRACI (obsolete)
	-	-	ecosystem quality	human health	resources	ecosystem quality	human health	resources	ecosystem quality	human health	resources	environmental impact
	activity name	functional unit	total	total	total	total	total	total	total	total	total	global warming
0			points	points	points	points	points	points	points	points	points	kg CO2-Eq
1	market group for liquefied petroleum gas	kilogram	0.030148288940633414	0.0699919376735001	0.1707509207814629	0.01846963731790549	0.027937615002936553	0.1707509207814629	0.018001115774522822	0.024978120356262595	0.16925619901447944	0.6198764747440977
2	market for liquefied petroleum gas	kilogram	0.029477862828518348	0.06828373643563511	0.16942914232775788	0.017970380495754022	0.026985370147153888	0.16942914232775788	0.0175348201821423	0.024151343068316945	0.16797201497859895	0.6018823808989401
3	liquefied petroleum gas production, petroleum refinery operation	kilogram	0.026210578344406772	0.06607909447547322	0.16815635129625725	0.017158869103700614	0.025880428927525154	0.16815635129625725	0.016794157633583	0.023203493134122077	0.16678438410404872	0.5789245003169368
