	-	-	ReCiPe Endpoint (E,A) (obsolete)	ReCiPe Endpoint (E,A) (obsolete)	ReCiPe Endpoint (E,A) (obsolete)	ReCiPe Endpoint (H,A) (obsolete)	ReCiPe Endpoint (H,A) (obsolete)	ReCiPe Endpoint (H,A) (obsolete)	ReCiPe Endpoint (I,A) (obsolete)	ReCiPe Endpoint (I,A) (obsolete)	ReCiPe Endpoint (I,A) (obsolete)	TRACI (obsolete)
	-	-	ecosystem quality	human health	resources	ecosystem quality	human health	resources	ecosystem quality	human health	resources	environmental impact
	activity name	functional unit	total	total	total	total	total	total	total	total	total	global warming
0			points	points	points	points	points	points	points	points	points	kg CO2-Eq
1	market for inorganic phosphorus fertiliser, as P2O5	kilogram	0.21899618286544487	0.2765588234981918	0.11201345924836208	0.1468378008589166	0.09065589642532428	0.11201345924836208	0.12929329097003822	0.08544889804648421	0.11771938089201636	2.227938611965729
2	market for organic phosphorus fertiliser, as P2O5	kilogram	2372.9265301773944	0.2773554192089129	0.06426049185777456	3468.9760747282667	0.17414237104705071	0.06426049185777456	2868.818987532214	0.18027096503650272	0.06394402725464272	2.5138764678414285
3	market group for inorganic phosphorus fertiliser, as P2O5	kilogram	0.23540863972612772	0.3158512357010532	0.12607648774157332	0.15772620588641806	0.11731704484017473	0.12607648774157332	0.13917017405109858	0.13048694524520998	0.13181274448682376	2.4517746467610415
4	inorganic phosphorus, as P2O5 to generic market for organic phosphorus, as P2O5	kilogram	0.1691614135926311	0.4109640259972687	0.11888570421279121	0.12317178316808033	0.13720063015765083	0.11888570421279121	0.11286229352533139	0.12880463883564777	0.12584706000890689	2.9633510495047455
