	-	-	ReCiPe Endpoint (E,A) (obsolete)	ReCiPe Endpoint (E,A) (obsolete)	ReCiPe Endpoint (E,A) (obsolete)	ReCiPe Endpoint (H,A) (obsolete)	ReCiPe Endpoint (H,A) (obsolete)	ReCiPe Endpoint (H,A) (obsolete)	ReCiPe Endpoint (I,A) (obsolete)	ReCiPe Endpoint (I,A) (obsolete)	ReCiPe Endpoint (I,A) (obsolete)	TRACI (obsolete)
	-	-	ecosystem quality	human health	resources	ecosystem quality	human health	resources	ecosystem quality	human health	resources	environmental impact
	activity name	functional unit	total	total	total	total	total	total	total	total	total	global warming
0			points	points	points	points	points	points	points	points	points	kg CO2-Eq
1	market group for cement, unspecified	kilogram	0.03310736667331407	0.051030450144029	0.013373969257917822	0.01899069980981579	0.02692229343141388	0.013373969257917822	0.018056998157364144	0.022372453750870845	0.012633820084167432	0.7734668638201968
2	market for cement, unspecified	kilogram	0.03167771060364202	0.05014015461834889	0.013153806401072568	0.01740977445482063	0.02690739495866755	0.013153806401072568	0.016858163461621434	0.022500072140650126	0.012459509695434075	0.7755301183351344
3	cement, all types to generic market for cement, unspecified	kilogram	0.03167771060364202	0.05014015461834888	0.013153806401072563	0.017409774454820625	0.026907394958667542	0.013153806401072563	0.01685816346162143	0.02250007214065012	0.012459509695434069	0.7755301183351342
