	-	-	ReCiPe Endpoint (E,A) (obsolete)	ReCiPe Endpoint (E,A) (obsolete)	ReCiPe Endpoint (E,A) (obsolete)	ReCiPe Endpoint (H,A) (obsolete)	ReCiPe Endpoint (H,A) (obsolete)	ReCiPe Endpoint (H,A) (obsolete)	ReCiPe Endpoint (I,A) (obsolete)	ReCiPe Endpoint (I,A) (obsolete)	ReCiPe Endpoint (I,A) (obsolete)	TRACI (obsolete)
	-	-	ecosystem quality	human health	resources	ecosystem quality	human health	resources	ecosystem quality	human health	resources	environmental impact
	activity name	functional unit	total	total	total	total	total	total	total	total	total	global warming
0			points	points	points	points	points	points	points	points	points	kg CO2-Eq
1	transport, freight, lorry, all sizes, EURO3 to generic market for transport, freight, lorry, unspecified	ton kilometer	0.007460535830410297	0.011952875198113729	0.007477433569206566	0.0036261674905494275	0.006365942930327012	0.007477433569206566	0.003427075788626655	0.005398104343660588	0.007025467133296421	0.13965662519863767
2	transport, freight, lorry, all sizes, EURO6 to generic market for transport, freight, lorry, unspecified	ton kilometer	0.00727696860545523	0.011214862474422306	0.007298085104569659	0.003522144328212377	0.005285421288960689	0.007298085104569659	0.003328888303408641	0.004378539109208686	0.0068511695782695	0.13463953007223803
3	transport, freight, lorry, all sizes, EURO4 to generic market for transport, freight, lorry, unspecified	ton kilometer	0.007152324899909767	0.011112139292585282	0.007054831922452756	0.003440041693191592	0.005590407849026379	0.007054831922452756	0.0032499148082412894	0.004688222458132535	0.006634791720251467	0.13193681077418504
4	transport, freight, lorry, all sizes, EURO5 to generic market for transport, freight, lorry, unspecified	ton kilometer	0.007084500425433015	0.010876856104489175	0.006944771789395434	0.003407228389288441	0.005361993677625905	0.006944771789395434	0.0032191634560721017	0.0044740179591188315	0.00653434791566794	0.1309116657475344
