	-	-	ReCiPe Endpoint (E,A) (obsolete)	ReCiPe Endpoint (E,A) (obsolete)	ReCiPe Endpoint (E,A) (obsolete)	ReCiPe Endpoint (H,A) (obsolete)	ReCiPe Endpoint (H,A) (obsolete)	ReCiPe Endpoint (H,A) (obsolete)	ReCiPe Endpoint (I,A) (obsolete)	ReCiPe Endpoint (I,A) (obsolete)	ReCiPe Endpoint (I,A) (obsolete)	TRACI (obsolete)
	-	-	ecosystem quality	human health	resources	ecosystem quality	human health	resources	ecosystem quality	human health	resources	environmental impact
	activity name	functional unit	total	total	total	total	total	total	total	total	total	global warming
0			points	points	points	points	points	points	points	points	points	kg CO2-Eq
1	market for gravel, round	kilogram	0.004708007283162327	0.001200693384757524	0.0005873864586725856	0.0003922507380165776	0.0005231975776974951	0.0005873864586725856	0.00036216068556588796	0.0004422343485488156	0.0005617966209340976	0.011388024317323508
2	market for gravel, crushed	kilogram	0.005088529809434459	0.0021520392872702234	0.0007900705867110419	0.0006970010870027625	0.0007133165443871433	0.0007900705867110419	0.0006253587664301133	0.0005824828768476891	0.0007533124970611934	0.014847017058738022
3	market for waste concrete gravel	kilogram	-0.0006669123716474484	-0.0017892493382767542	-0.0006842407671556032	-0.00023518369094454735	-0.001019580639069002	-0.0006842407671556032	-0.00023078871869138722	-0.0008663185479342962	-0.0006521740752170826	-0.011514452312494535
