,S_I,S_S,X_I,X_S,X_BH,X_BA,X_P,S_O,S_NO,S_NH,S_ND,X_ND,S_ALK
inf,27.226191,58.176186,92.499001,363.94347,50.683288,0,0,0,0,23.859466,5.651606,16.129816,84
A1,27.0432622,2.756424633,1766.724428,50.96609229,1990.273983,148.4712207,851.0066764,0.01091558,4.419624199,7.895361483,1.027126115,4.381320912,64.61280981
A2,24.9622632,1.123619459,1586.141021,55.64496448,2133.768482,191.8159049,790.7672844,9.57459E-05,1.916178523,5.916115818,0.685983085,4.486582399,65.65851232
O1,23.7568929,0.978092701,1431.421601,51.47808457,2483.167675,138.9926366,825.7841654,0.49401328,5.396325324,2.934013892,0.754369027,3.540516613,71.06926799
O2,28.15232072,0.638031025,1336.591794,33.37795776,1812.901843,166.7605899,1080.789146,1.625340043,8.135907189,0.732584151,0.644012099,2.507347922,55.56006978
O3,23.78485626,0.715339738,1681.526716,26.68852415,2052.480854,153.9312064,815.6026,1.467267026,10.89789004,0.17879585,0.520827731,2.337213806,55.44645056
C1,28.067,59.0473,94.3557,356.8434,50.8946,0.0946,0.6531,0.0175,0.1174,34.9215,5.5457,15.8132,92.358
